Category,Business Type,Supplier,Country,Main Products,Established Year,Total Employees,Total Estimated Revenue,Export Percentage
Agriculture,Distributor/Wholesaler,Beijing Huifu Agricultural Production and Marketing Professional Cooperative,China,农业产品,,20+,More than $ 5 million,30%
Agriculture,Distributor/Wholesaler,Java Exportindo PMA,Indonesia,VENDEDOR MAIZ ACEITE DE PALMA POLLO CONGELADO CAFE CACAO PELLETS,2019,50 - 200,$2.000.000 - $3.000.000,90
Agriculture,Manufacturer Trading Company Distributor/Wholesaler Buying Office,ssgroups,India,all,2018,15,10000000,25
Agriculture,Manufacturer,Suzhou Zhonghang Precision Machinery Co. Ltd.,China,机械,2004,50,30million dollars,20%
Agriculture,Manufacturer Distributor/Wholesaler Buying Office,THE T JAY LTD,Cameroon,Food stuffs,2001,170,1500.000,69%
Agriculture,Manufacturer Distributor/Wholesaler,Kimya Azhand botia,Iran,POTASSIUM SULPHATE,,22,,
Agriculture,Manufacturer Trading Company Distributor/Wholesaler Buying Office,International Agro Persada,Indonesia,Fertilizer Coconut Semi Husked,,,1000000000000,100
Agriculture,Trading Company Distributor/Wholesaler,Lavazza Resources Limited,Nigeria,Bitter Kola Tiger Nut African Bush Mango Seed,2023,10,,
Agriculture,,Anatolia Fresh,Republic of Türkiye,Fresh Apple pear fig grape quince pomegranate nectarine peach,,,,
Agriculture,Manufacturer Trading Company Distributor/Wholesaler Buying Office,Goodfolks,Sri Lanka,Bee Honey Sri Lanka Spices Vegan Food Coconut Products Ceylon Tea Dehydrated fruits Dehydrated vegetables,2020,10,,
Agriculture,Distributor/Wholesaler,SHEA WORLD,Ghana,SHEA NUTS & SHEA BUTTER,2018,10,$1 million,99%
Agriculture,Manufacturer Trading Company Distributor/Wholesaler,Afrique Trans Agro Company,Cameroon,food crops Red oil cooking oil Edible oil,1996,20000,,
Agriculture,,Evettraw foods,Nigeria,Agricultural products,2017,12,,
Agriculture,,IVES ENTERPRISE,Nigeria,Cashew Nuts,,,100000000,
Agriculture,,PT. INDOGLOBAL MAKMUR SEJAHTERA,Indonesia,Dried Seaweed,,,600tons/month,100%
Agriculture,Manufacturer Distributor/Wholesaler Buying Office,Musleh Trading House Pvt Ltd,Pakistan,Corn LPG Rice Bean Potato Tomato Garlic,2020,20,,
Agriculture,Trading Company Distributor/Wholesaler Buying Office,GBM ROYAL VENTURES,Ghana,Ginger Grain of paradise grain of selim cloves Pepper Shea butter Nutmeg maize grain Palm Oil Cashew tiger but Melon Seeds sesame seeds Cocoa beans and so much more!,2020,10,100000,10
Agriculture,Trading Company Distributor/Wholesaler,TMK,Republic of Türkiye,taze meyve/sebze kuruyemiş çeşitleri tekstil ürünleri,,,,
Agriculture,Distributor/Wholesaler,Amiro Invest d.o.o.,Slovenia,Urea,2018,5,,
Agriculture,,Eagles,Egypt,Urea,,,,
Agriculture,,Impero Estate Trading,Austria,Sunflower Oil,,,,
Agriculture,,Jozani Group Limited,Cameroon,Sunflower Oil cashew nuts. Urea fertilizer vegetable oil,,,,
Agriculture,Trading Company Distributor/Wholesaler,AD Agro-products Agency,Nigeria,Agricultural Produce,2021,10,,
Agriculture,Distributor/Wholesaler,PT Nuansa Dwi Karya,Indonesia,VCO  Coconut charcoal briquettes batik jilbab/hijab,2023,2,,
Agriculture,,CEYLON KOKOSY PVT LTD,Sri Lanka,Grow Bags,,,,
Agriculture,Trading Company Distributor/Wholesaler,Clovera Primaniaga Sejahtera,Indonesia,Cinnamon Spices Coco Coir,2023,,,
Agriculture,Buying Office,kan_bvi,Bulgaria,Lumber Timber wood wood chips Beans Rice Lentils Sugar Salt flower semolina Oats,2023,1,,
Agriculture,Distributor/Wholesaler,Halplazm,Poland,Urea silage film BOPP masks gowns  desinfectant fluid,2006-11-02,1,,
Agriculture,Manufacturer Trading Company Distributor/Wholesaler Buying Office,world import export trade,Russia,- wholesale company dried fruits and dried vegetables legumes and spices. Fresh Fruits frozen freeze dried fruits Puree Fruit and Puree Vegetables / NEW GENERATION TECHNOLOGY,2015,50,,
Agriculture,Trading Company,Company - Eminence Impex,India,millets spices Towel,2023,4,,
Agriculture,Manufacturer Trading Company,Sunrise Ins Vietnam,Vietnam,Agro Commodities,2017,100,850 mil USD,80%
Agriculture,Trading Company Distributor/Wholesaler,ST.FOODS,Pakistan,Rice,,,,
Agriculture,Trading Company Distributor/Wholesaler,Sunrise Ins Group,Vietnam,Agricultural products,2017,50,500000 USD,
Agriculture,,Ultima Trading,Ukraine,,,,,
Agriculture,,VEDAN (VIETNAM) ENTERPRISE CORP. LTD,Vietnam,Fertilizer,1991,5000,,
Agriculture,Manufacturer Trading Company Distributor/Wholesaler Buying Office,BB Group Company Limited,Lithuania,A4 Copy Paper Sunflower Oil Cashew Nuts Almond nuts Rice Copper wire scraps Copper Cathode Silver Me,1999,1000,1000000,85%
Agriculture,,Hotline Farms G1 garlic,Pakistan,G1 garlic,,,,
Agriculture,,HD Herb,Indonesia,Herbal,,,,
Agriculture,,GREATWOOD HOLDING LIMITEDS,United Kingdom,TILAPIA,,,,
Agriculture,,MV Retail Stone,Belgium,Frozen french fries,,,,
Agriculture,Manufacturer,Agri-Inject,USA,Chemigation systems,1983,,,
Agriculture,,Globus LTD,United Arab Emirates,Cocoa Beans,2020,35,,
Agriculture,,Greenpointcompany,Egypt,fresh fruits and vegetables,,,,
Apparel,,Xiaochi Culture,China,couture dress,,,,
Apparel,Manufacturer Distributor/Wholesaler Buying Office,Edenscraft,Bangladesh,Apparels,1991,21,,
Apparel,,HANGZHOU BETTER TEXTILE CO.LTD,China,KNIT HOCKEY SOCKS,,,,
Apparel,Trading Company Distributor/Wholesaler Buying Office,IMAGIC ESOLUTIONS SDN BHD,Malaysia,Baby Foods,2018,50,,
Apparel,Distributor/Wholesaler,guangzhou bangdeng garment ltd,China,Denim Jeans  casual pants  tanktops,2019,56,About30000USD,
Apparel,Manufacturer Distributor/Wholesaler,Bokamoda Activewear,China,wholesale activewear,2007,86,1.5m,84%
Apparel,Manufacturer Trading Company Buying Office,Export Elegance,Pakistan,Apparel,,,,
Apparel,Manufacturer,KA sports wear,Pakistan,Sports wear,2004,90 ~ 100,US$ 8Million - US$ 10 Million,40% - 50%
Apparel,Manufacturer Distributor/Wholesaler,Enzo,India,Women's Apparels,2002,20,10 Million,1%
Apparel,Trading Company Distributor/Wholesaler,Magel Eye,Indonesia,Accessories Herbs Spice Fashion Medical Tools Health and Beauty Biodegradable,2016,,,75%
Apparel,,D-star apparels limited,Bangladesh,,,,,
Apparel,,The fifth Avenue garments factory,Canada,Garments,,,,
Apparel,,Gifcotex Work Wear,Pakistan,Protective Clothing Workwear Sports Wear High Visibility Uniforms Chef Uniforms,,,,
Apparel,Manufacturer Distributor/Wholesaler,Chaozhou Jinglaishun Electronic Commerce Co. Ltd.,China,晚礼服,2010,200,2000000,100%
Apparel,Manufacturer,Fatima Company,Pakistan,Custom Clothing,2008,,,
Apparel,,NATASHA NX,India,,,,,
Apparel,Distributor/Wholesaler,pro virgo industries,Pakistan,SPORTS WEARS,2008,30,,
Apparel,Trading Company Distributor/Wholesaler,SA APPARELS BD LTD.,Bangladesh,Hoodies Joggers Tank tops T-Shirts Polo Shirts Sweatshirts Shorts & any kind of Kids Items.,2019,10-100,,
Apparel,Manufacturer Trading Company Distributor/Wholesaler,SeaCotton,Bangladesh,Underwear t-shirt Shorts jogger kids clothing ladies clothing Men’s Clothing,,,,67%
Apparel,Manufacturer Distributor/Wholesaler,Renegade Leather,Pakistan,Leather Jackets,2010,90,$100000+,89%
Apparel,Manufacturer Distributor/Wholesaler,BZ Sport,Pakistan,Apperal & clothing,2019,10,,
Apparel,Distributor/Wholesaler,RAPID Apparels,Bangladesh,T-shirt Polo shirt Sweatshirt Hoodie Bermuda Jogging pants Trousers Shorts etc.,2023,6 Persons,N/A,N/A
Apparel,Manufacturer Distributor/Wholesaler,ELEGANT OVERSEAS,India,KNITS GARMENTS,,,$20000000,98%
Apparel,,AANIL APPAREL,Bangladesh,coverall work wear etc,,,,
Automobiles & Motorcycles,,SeeHo Film Co. Ltd.,China,Car Films,,,,
Automobiles & Motorcycles,Manufacturer,Jinhua Kaichen Trading Co. Ltd,China,dirt bike golf cart ATV go kart buggy,2008,50-100,,
Automobiles & Motorcycles,,Lingyang Technologies INC,China,Solar Tracking Control System,,,,
Automobiles & Motorcycles,Manufacturer,Foshan Bohua Auto Parts Co. Ltd,China,Chain,2006,120,,
Automobiles & Motorcycles,,Jinan ZhongChuan Equipment Co.Ltd.,China,Double End Studs,,,,
Automobiles & Motorcycles,Manufacturer Trading Company Distributor/Wholesaler,Jinhua Kaichen Trading Co. Ltd,China,dirt bike mini cobra ATV,2017,50,,
Automobiles & Motorcycles,,Twos Seating Sdn Bhd (SSCUS),Malaysia,Sport Seat,,,,
Automobiles & Motorcycles,Manufacturer,Anhui Aotong Aoto Parts Co.Ltd,China,Exhaust Pipes,2008,100,USD2000000,80%
Automobiles & Motorcycles,,Shandong Chaoyang Auto Technology Co.Ltd,China,#semi trailer #trailer #heavy duty trailer #truck trailer #low bed #flatbed #fence #side wall #skele,2022,,,
Automobiles & Motorcycles,Manufacturer Trading Company Distributor/Wholesaler Buying Office,cautop inc.,China,auto parts Vehicles Vehicles parts,2019,100,1000000000000,90
Automobiles & Motorcycles,Manufacturer,LINGHUI INDUSTRIAL SHENZHEN CO LTD,China,Obd Y Cable; Dash Camera Charger;Car Rear View Camera,2016,100,,
Automobiles & Motorcycles,,Yuhuan Huayang Machinery Co.Ltd,China,,,,,
Automobiles & Motorcycles,Manufacturer Trading Company,ChangZheng Valve Manufacturing Co,China,engine valve/piston pin/piston ring/valve guide,2012,30-50,US$5 Million - US$10 Million,60%
Automobiles & Motorcycles,Manufacturer Distributor/Wholesaler,Guangdong Chongwe Technology Group,China,EV chargers Smart EV charging solution mold making,2001,over 200,,
Beauty & Personal Care,Distributor/Wholesaler,HJ Corporations Co.Ltd,South Korea,botulinum toxin Dermal Filler lipolysis skin booster mesotherapy,2018,,,
Beauty & Personal Care,Manufacturer Distributor/Wholesaler,Shea Cosmetic,Ghana,Shea Butter,2019,50,,
Beauty & Personal Care,Manufacturer,Zhuhai Haotuo Biotechnology Co. Ltd.,China,hydrogel mask,2017,100,,
Beauty & Personal Care,Manufacturer,Bioha Laboratories Technology Limited,China,reyoungel dermal filler,2010,200,,
Beauty & Personal Care,Manufacturer Distributor/Wholesaler Buying Office,Zhejiang Jinghui Cosmetics Share Co. Ltd,China,fruity fragrance,2003,,,
Beauty & Personal Care,Trading Company Distributor/Wholesaler,Hoyip,Hong Kong,Cosmetics Skincare and Perfumes,2015,20,,
Beauty & Personal Care,Manufacturer,Tweezers Shop,Pakistan,Tweezers,2023,2,,
Beauty & Personal Care,,Zardel Pte Ltd,Singapore,Beauty Skin Care cosmetics body oil Body Lotion,,,,
Beauty & Personal Care,,Daryaye Noor,Iran,Nail Beauty Distributer in Middle east,2003,10,,
Beauty & Personal Care,,Shenzhen Margotan Manufacturer vendor,China,Eye/face/neck/body beauty devices,,,,
Beauty & Personal Care,Manufacturer,Ancool Technology Co. Ltd,China,Ultrasonic Pulmonary Function Testing device(PFT); Enhanced External Counterpulsation Equipment(ECP),2017,500,,
Beauty & Personal Care,Distributor/Wholesaler,Sakiley Exports,Ghana,Shea butter,2022,2,,
Beauty & Personal Care,Manufacturer,Stargo beauty,Pakistan,Beauty care instruments,2002,,,
Beauty & Personal Care,Manufacturer Distributor/Wholesaler,Ftattoo,China,tattoo,,,,
Beauty & Personal Care,Distributor/Wholesaler,B & P Company Limited,Myanmar,Cosmetics Hair Care Skin Care,2019,,,
Beauty & Personal Care,,Odanzi,China,,,,,
Beauty & Personal Care,Manufacturer,Hangzhou Yanpa Cosmetics Co.Ltd.,China,Our OEM & ODM Cosmetics Products are mainly followings: eyeshadow palette liquid eyeshadow Eyeliner Mascara eyebrow Lipstick Lip Gloss Lip Balm Lip Liner lip scrub Foundation Concealer contour and bronzer blush and highlighter powder nail polish and make up tools etc.,2019,100+,,
Beauty & Personal Care,,nirva pharma plus BV,Netherlands,Beauty  Skincare  Perfumes  Hair Care,,,,
Building & Construction,Manufacturer Distributor/Wholesaler,DALIAN AUBIK INTERNATIONAL TRADE CO. LTD,China,Engineered oak flooring wooden ice cream,2003,20-50,usd 3000000,95%
Building & Construction,Manufacturer,Henan Jinlin Pipeline Equipment Co. Ltd.,China,管道设备,2021,100,10000000,10%
Building & Construction,Distributor/Wholesaler,Nanhua Insulation Materials Co. Ltd.,China,绝缘材料,,30+,20 million yuan,40%
Building & Construction,Trading Company Distributor/Wholesaler Buying Office,Guangzhou Yongsen Pool Spa Equipment Co.Ltd.,China,Swimming pool equipment Spa Sauna,2020,2-10,,
Building & Construction,Trading Company,AL-KHABIR,Egypt,Building materials Bricks gypsum Marble raw and manufactured materials such as salt and calcium carbonate as well as vegetables and fruits,2019,20,1 to 5 million usd,
Building & Construction,,Hangzhou Lantu Technology Co.Ltd,China,High Speed Electric Bike,,,,
Building & Construction,Manufacturer Trading Company Distributor/Wholesaler Buying Office,cv global resources sdn bhd,Malaysia,cast iron pipe,2022,7,,
Building & Construction,,Hangzhou Santiway Inport and Export Company,China,Building material，Steel machine Air tools,,,,
Building & Construction,Manufacturer,Pt Aster Decorindo Abadi,Indonesia,Tiles,2001,,,
Building & Construction,Manufacturer,Shan Dong YunZhi New Materials Co.Ltd,China,aluminum composite panel,2001,100,4 million US dollars,70%
Building & Construction,,Viettel Construction,Vietnam,Steel,,,,
Building & Construction,Manufacturer,Tangshan Jiangji Trade Co.Ltd,China,H beam,,,,
Building & Construction,Manufacturer Distributor/Wholesaler,Anping Annealed Wire Factory,China,Asbestos Sheet,1999,300,,
Building & Construction,Manufacturer Distributor/Wholesaler,KRS new material co.ltd,China,calcium silicate board rock wool glass wool ceramic fiber,2016,50,,60-70
Building & Construction,,Yantai chengtai construction machinery co.LTD,China,,,,,
Building & Construction,,Beijing Dansen Aluminum Co. Ltd,China,Aluminum Profiles aluminum frames aluminum panels aluminum accessories,,,,
Building & Construction,,HUIHUA Glass,China,pattern glass acid etched glass decorative mirror,,,,
Building & Construction,Manufacturer,Shan Dong YunZhi New Materials Co.Ltd,China,aluminum composite panel,2001,120,10 million US dollars,62%
Building & Construction,,Shanghai Everay Optical Electronics Technology Co.LTD,China,EOS Electro Optic Sensor Systems,,,,
Building & Construction,Distributor/Wholesaler,Acwme,Saudi Arabia,Steel rebar,2021,10,,
Building & Construction,Manufacturer Trading Company,Tebmar,Egypt,Raised Floor,2010,60,,
Building & Construction,Manufacturer,XIGE Jingsheng Window & Door Fitting - Mai Yaopeng,China,Roller Plastic fitting lokcer handle,2000,100,,
Building & Construction,Manufacturer,Peacebuildcon,India,ceramic tiles,2021,10,,
Building & Construction,Manufacturer,Guangzhou Kunzhi Technology Co. Ltd,China,Smart PDLC Glass Self-adhesive PDLC Film PDLC Power Supply,2009,50,3000000.00USD,60%
Building & Construction,Distributor/Wholesaler,The Point Instrument,Indonesia,Total Station,2008,2008,,
Chemicals,Manufacturer Distributor/Wholesaler,Henan Xinlianxin Chemical Industry Group Co. LTD.,China,Urea 46,54,1000,50000000 RMB,100%
Chemicals,Manufacturer,Wengyuan Tytech Advanced Materials Co. Ltd,China,Spray Adhesive Embroidery Gum Exporter Spray Adhesive Manufacturers,,,,
Chemicals,,Azpolimer LLC,Azerbaijan,Petrochemical Products,,,,
Chemicals,,Gas Express kw,Kuwait,,,,,
Chemicals,Manufacturer,NanTong Reform Petrochemical Co. Ltd,China,dewatering agent,,,,
Chemicals,,Jinshan Science & Technology (Group) Co. Ltd.,China,Easy for Operation Safe for Patient,,,,
Chemicals,,Qingdao Polyswell Technology Co.Ltd,China,polyurea damping material,2020,18,5 million USD,30%
Chemicals,Manufacturer,SHANDONG HAIHUALIWEI NEW MATERIAL Co. Ltd,China,Refined Industrial Salt(Sodium Chloride) Magnesium Chloride Hexahydrate (Natural) Potassium Sulfat,2023,500,200000000CNY,50%
Chemicals,,Shandong xukechem,China,sodium hydrosulphide,,,,
Chemicals,,Anhui Kaisen Zhiyuan New Material Technology Co. Ltd.,China,Chemicals,,,,
Chemicals,,Shijiazhuang Yuhe New Environmental Protection Technology Co. Ltd.,China,HPMC RDP CMC MHEC，SLES Fragrances,,,,
Chemicals,,Company - Ohdji Kelvinch,USA,,,,,
Chemicals,Manufacturer,Chengdu Chuanpin Adhesive Co. Ltd,China,White LaTeX,In May 200,30-50,,
Chemicals,,Aquachem Supply,United Arab Emirates,sulfur,,,,
Chemicals,Manufacturer,Eco Friendly Disinfectant Company,United Arab Emirates,HOCL disinfectant and multi-purpose cleaner,2013,35,,
Chemicals,Trading Company,Yiwu Liuti Trade Firm,China,capsule OEM dapoxetine,2011,5-10,,
Chemicals,,Shandong Yuncheng Jinyu Trading Co. Ltd.,China,有机化合物,,,,
Chemicals,Manufacturer,RVP Starch Products Private Limited,India,Agar binder Textile sizing starch Iron ore binder Foundry Binder Maize Pregel Mosquito coil binder Tapioca Pregel,2018,,,
Chemicals,,Faravari Kavandegan Bana,Iran,Magnesium Sulphide,,,,
Chemicals,Manufacturer Trading Company Distributor/Wholesaler,Isfahan Bitumen,Iran,Bitumen,1983,,,
Chemicals,Manufacturer,SR Chemical Industries Ltd,Bangladesh,Calcium Hypochlorite 65%,1978,500,,
Chemicals,Manufacturer,Dongguan Bojunlai Adhesive Material Technology Co. Ltd.,China,silicone sealant,2012,200,2400000 pcs each year,30%
Chemicals,,Xiamen Wandefu Biotechnology Co. Ltd.,China,China Chemical Raw Material Pharmaceutical Intermediates Wholesale,,,,
Consumer Electronics,Distributor/Wholesaler,Hwa Chung Electric Mfg Co. Ltd,Taiwan,Steel Drum,2000,50,$1 Million - $3 Million,80%
Consumer Electronics,Distributor/Wholesaler,Jinwei Mold Co. Ltd,China,plastic mold maker insert molding over molding 2K molding plastic molding manufacturing plastic,2011,70,,
Consumer Electronics,Manufacturer Distributor/Wholesaler,3A Technology CO. Ltd.,China,Portable power station solar generator,2011,100,1billion,80%-100%
Consumer Electronics,Distributor/Wholesaler,WENZHOU CS SHOPPING,USA,General goods,2009,,,
Consumer Electronics,Manufacturer Trading Company Distributor/Wholesaler,Shenzhen Rongqi Tech Co.Ltd,China,Speaker/Projector,10/4/2023,50+,,
Consumer Electronics,Manufacturer,China HappyRab Maternal and Infant Products Co,China,Both Full glass kettle and tranditional kettle with top material and functions,2013,400,,
Consumer Electronics,,ShenZhen RHM Electrial Appliance C0. LTD.,China,,,,,
Consumer Electronics,,Shenzhen Targetever Technology Co. Ltd,China,,,,,
Consumer Electronics,,HSM Technology Co. Ltd,China,electronic product,,,120000000,100%
Consumer Electronics,,TechnoCycle,USA,,,,,
Consumer Electronics,,Youmi Technology,USA,phone LCD,,,,
Consumer Electronics,,Smartsound,USA,TWS,,,,
Electrical Equipment & Supplies,Manufacturer Trading Company,Pearl Electric Co. Ltd.,China,Dry type Transformer Oil-immersed Power Transformer Oil-immersed Distribution Transformer,,,,
Electrical Equipment & Supplies,Manufacturer Distributor/Wholesaler,Beijing Aohua Yutong Technology Co. Ltd.,China,饮水产品,2007,30+,2 million,50%
Electrical Equipment & Supplies,Manufacturer Trading Company Distributor/Wholesaler,Simcat co.; Top manufacturer and exporter of wire and cable in Tabriz Iran,Iran,Electrical wires and power cables; Aerial conductors; PVC granules; Aluminum and copper wires,1974,,,
Electrical Equipment & Supplies,Manufacturer,Jinan Ruby Laser Technology Co.Ltd,China,CO2 laser power supply HV laser power source HV CO2 PSU co2 laser tube,2015,56,5000000USD,40%
Electrical Equipment & Supplies,,ValueApex (Shanghai) Information Technology Co. Ltd.,China,equipment management software,,,,
Electrical Equipment & Supplies,Manufacturer,Anhui Xinsen Instrument Cable Co. Ltd.,China,POWER CABLE,2003,,,
Electrical Equipment & Supplies,,Beijing Eyecool Technology Co. Ltd.,China,multimodal biometric system,,,,
Electrical Equipment & Supplies,,Henan CNS Energy Technology Co.Ltd.,China,Car Starting Battery Energy Storage Battery,,,,
Electrical Equipment & Supplies,,Guangdong Zhengye Technology Co. Ltd.,China,Intelligent testing equipment solutions Customized industrial inspection intelligent equipment,,,,
Electrical Equipment & Supplies,Manufacturer Trading Company Distributor/Wholesaler Buying Office,Shaanxi Hanzhong Transformer Co. Ltd,China,Power transformer,1937,500,300000000RMB,50%
Electrical Equipment & Supplies,Manufacturer,Hebei Huatong Cable Group Co. Ltd.,China,电线电缆,1993,2000,60亿元,70%
Electrical Equipment & Supplies,Manufacturer Distributor/Wholesaler,Zhuhai Sinopak Electric Ltd,China,MV VFD SVG STATCOM APF AHF AVC,2015,,,100%
Electrical Equipment & Supplies,Manufacturer,Foshan Pengchang Construction Machinery Co. LTD,China,EXPLOSION PROOF EQUIPMENT,2012,300-500,,
Electrical Equipment & Supplies,Trading Company,Measurement Equipment Store,Indonesia,metal detector,,,,
Electronic Components & Supplies,Manufacturer,Intelligent,China,Electrical & Electronics Manufacturing,,,,
Electronic Components & Supplies,Manufacturer,Shenzhen Minteda Technology Co. Ltd,China,PCBA iMES Cloud System WMS Intelligent Warehouse Management,,,,
Electronic Components & Supplies,Manufacturer,Religare Electric Co.Ltd.,China,3.7 kw charger,,,,
Electronic Components & Supplies,,Shenzhen Hongwei Electronic Technology Co Ltd.,Singapore,electronics components,,,,
Electronic Components & Supplies,Manufacturer,Zhejiang Beilin Intelligent Electric Co.Ltd,China,Smart energy Meter,2020,50,,
Electronic Components & Supplies,,EASY PRINT HEAD,Indonesia,Print,,,,
Electronic Components & Supplies,Distributor/Wholesaler,SHENZHEN JEWEL ELECTRONIC CO.LTD.,China,transformer,1990,800,RMB 160 million,80%
Electronic Components & Supplies,,Guangdong Tianhu Electronic Technology Co. Ltd.,China,TouchScreen,,,,
Electronic Components & Supplies,Manufacturer Distributor/Wholesaler,ELP Lightning,Republic of Türkiye,Lightning Rod lightning protection  lightning protection equipment  grounding equipment  ESE li,1998,10,1000000,%80
Electronic Components & Supplies,Manufacturer,shenzhen zhunyi technology co.ltd,China,medical screen facotory,,,,
Electronic Components & Supplies,Distributor/Wholesaler,geefook（shenzhen）Electronic co. LTD.,China,electronics industry,2018,10,,
Electronic Components & Supplies,,China Dongguan Zhuocan Electronics Co. LTD,China,solid state capcatior,,,,
Energy,Manufacturer,PT.ABDULLAH MANHA MALIK,Indonesia,Charcoal Briquettes,2021,152,N/A,100% Export
Energy,,Green Wood,Kazakhstan,Charcoal briquettes wood chips,,,,
Energy,Distributor/Wholesaler,BLV Services LLC,USA,A1 Jet Fuel EN590 diesel,,,,
Energy,Manufacturer,V-land International Ltd.,China,solar panel system,,,203million dollars,
Energy,,Industry Proto-mold Limited,China,vacuum casting plastic parts,,,,
Energy,Manufacturer Distributor/Wholesaler,CHOYAL BIOENERGY INDUSTRIES,India,BIOMASS PELLETS,,,,
Energy,Distributor/Wholesaler,Shenzhen CIKOTON Environmental Technology Co. Ltd.,China,Heat pump,2015,20-99,,
Energy,Manufacturer Trading Company Distributor/Wholesaler,WOOD PALLETS SPO ORGANISATION,Republic of Türkiye,Wood Pellets Firewood A4 Paper Shipping Container,2112,102,,
Energy,Manufacturer,Shenzhen BaoEr Energy Technology Co. LTD.,China,Solar Inverter,2022,120,,
Energy,,Prometheus Bio Inc.,China,one step fob rapid test cassette,,,,
Energy,,YIWU DOLPHIN NETWORK LTD.,China,Anklets,,,,
Energy,Manufacturer,PRIME INDUSTRIAL VALVES MFG.CO.,India,INDUSTRIAL VALVES,1977,25,220000000,20 %
Energy,Manufacturer Distributor/Wholesaler,Sunsky Energy Company Co. Ltd,China,Transformers Power Transformers Autotransformers Generator Step-Up Transformers Auxiliary Transformer and LED Lights,2002,10000,,
Energy,Manufacturer,Volinergy,Canada,Battery Module Lithium-ion (Li-ion) Battery Management System (BMS) Artificial Algorithms,,,,
Energy,Distributor/Wholesaler,Makwenkwe,South Africa,Anthracite Coal,2017,-,-,-
Energy,Manufacturer Distributor/Wholesaler,peak universal general trading llc,United Arab Emirates,gilsonite wax bitumen walnut shell,,,,
Energy,Distributor/Wholesaler,Kathari Indonesia,Indonesia,Palm Kernel Shell,,,,
Energy,,DONGGUAN SIBAI METAL WORKS LIMITED,China,Electric Discharge Machining Service,,,,
Energy,,Company - Derek Phua,Malaysia,,,,,
Energy,Trading Company,WRIDERS,USA,Tire Oil Steel and Carbon Black Powder,2020`,3,100000 to 5000000.00,70%
Energy,,OOO TOBEARAL OIL,Kazakhstan,Fuels,2008,20,,
Energy,Trading Company Distributor/Wholesaler,Yoohong Business Syndicate Co; Ltd.,Thailand,Biomass charcoal briquettes ginger fertilisers Coffee soya beans mangoes pummelos,2017,5,< 1 million USD,50%
Energy,Manufacturer,PT. Bara Energy Mahajaya,Indonesia,Wood Pellet,2023,50,,60%
Energy,,XPower Solar Energy Co.Ltd,China,,,,,
Energy,,UNIORGEO,Kazakhstan,oil products,,,,
Energy,,CV. Ahlul Agri Hasanah,Singapore,,,,,
Energy,Distributor/Wholesaler,JOINT STOCK COMPANY PERMOBLNEFT,Russia,EN590 10PPM JET A1 LNG PET COKE Bitumen UREA 46% PRILLED & GRANUL,2012,10-50,$5000000,
Energy,,Asiawood. JSC,Vietnam,Wood pellet,,,,
Energy,,Nomo,Vietnam,solar street lights and solar systems,,,,
Energy,Manufacturer Trading Company Distributor/Wholesaler,sherwood,China,pine wood pellets,2003,50,,
Energy,,NEOGIN,China,heat pump,,,,
Energy,,Agro 9th Kilometer Ltd - Macedonia,Macedonia,Wooden Pellets,,,,
Energy,Distributor/Wholesaler,ATLANTIS INVESTMENT AND CONSULTING COMPANY LIMITED,Vietnam,Rice Husk Pellets,2017,15,,
Fashion Accessories,Manufacturer Trading Company,Hebei Xinyimei Textile Co.ltd.,China,polyester yarn cotton yarn viscose yarn nylon yarn pp yarn silk yarn,2022,20+,100 milions,polyester yarncotton yarnnylon yarnviscose yarn acrylic yarn bamboo yarn pp yarn silk yarn wool yarnspandex yarn polyester fiberviscose fiber
Fashion Accessories,,Azomo Impex,Pakistan,Military Uniform Accessories,,,,
Fashion Accessories,Manufacturer Distributor/Wholesaler,the jewelry creations,India,हम जयपुर Johri bazar आधारित आभूषण निर्माता हैं आप किसी भी प्रकार के जयपुरी कुंदन एडी आभूषण हस्तनिर्मित brass jewelry या किसी अन्य प्रकार के brass jewelry के लिए हमसे संपर्क कर सकते हैं।,2020,25,,
Fashion Accessories,Manufacturer,ELDRINO OVERSEAS LLP,India,Leather bags,,100-150,,100
Fashion Accessories,,Kalashilpkriti UG,Germany,Kashmir schawls,,,,
Food & Beverage,Trading Company Distributor/Wholesaler,Teraso Food,South Korea,Seafood Herbs Processed food,2000,10-20,US$10 Million - US$50 Million,90%
Food & Beverage,,Mission J.A.D.E.,USA,Vanilla Beans Vanilla extract spices cacao Coffee,2018,,,
Food & Beverage,,Royal lamb,United Arab Emirates,Lamb fat,,,,
Food & Beverage,Manufacturer,Zhangzhou Hongyi Import and Export Co. Ltd.,China,foodstuffs,1992,136,8 million,80%
Food & Beverage,Distributor/Wholesaler Buying Office,Connect Value Ltd,United Kingdom,Refined Sunflower Oil Sugar ICUMSA 45 Yellow Corn Milk Powder Wheat Wheat Flour Soybean,1986,0-10,,
Food & Beverage,,Spice Ceylan Ventures (Private) Limited,Sri Lanka,Food & Beverage,2013,0-5,,
Food & Beverage,,Natural Superfoods,Peru,Mung Beans Adzuki beans cacao nibs powder butter and liquor Maca powder Coffee roasted,,,,
Food & Beverage,Manufacturer Distributor/Wholesaler,ISHAQ SHAHID LTD,Pakistan,pink himaliyan salt,1999,13-20,10000$,80%
Food & Beverage,,Company - Ahmed Mahmoud,Egypt,Seahorse or sea foods,,,,
Food & Beverage,Manufacturer Trading Company Distributor/Wholesaler,ATLANTIC TRANSPORTERS PTD LTD,Singapore,Butter oil substitute / Cocoa Butter Substitute,2022,8,1000000.00,70
Food & Beverage,,Company - Salam,United Arab Emirates,,,,,
Food & Beverage,Trading Company Distributor/Wholesaler,NA Impex,Pakistan,Pillows Bed Sheets Confectionery Items,2023,5,,
Food & Beverage,Manufacturer Trading Company,V THAI FRUITS CO. LTD.,Thailand,Canned fruits vegetables pineapple tropical fruit cocktail sweet kernel corn coconut milk,2016,,more than $1000000,100%
Food & Beverage,,sen beverage,Vietnam,problem with site,,,,
Food & Beverage,,KING GARDEN PAPER& PLASTIC PRODUCTS CO.LTD.,China,Paper Cups KRAFT LUNCH BOX PAPER CONTAINERS,,,,
Food & Beverage,,FOODTRIAL LLP,India,Cashew nut  croissants  black pepper  cardamom,,,,
Food & Beverage,,Trigona Dairy Trade,Netherlands,Dairy Products,,,,
Food & Beverage,Trading Company Distributor/Wholesaler,Green Creek Eco farm Ltd.,Uganda,Vanilla and Cocoa Beans,2020,15,80000$,40%
Food & Beverage,Manufacturer Distributor/Wholesaler,Tierra Overseas,India,Black Salt Epsom Salt Magnesium Sulphate Essential Oil Neem Oil Karanja Oil Bio Fertilizer,2015,10+,,
Food & Beverage,,Xian Yibate Biotechnology co.ltd,China,camel milk powder,2016,200,,
Food & Beverage,Manufacturer Distributor/Wholesaler,Sunrise Ins Group,Vietnam,Rice Coffee Cashew Spices,2012,49-100,,
Food & Beverage,Manufacturer Trading Company Distributor/Wholesaler Buying Office,Sen Beverage,Vietnam,Drinks,2019,,,
Food & Beverage,Manufacturer,Shandong Bigtree Dreyfus Special Mealsfood Co. Ltd.,China,price of collagen powder,2001,,,
Food & Beverage,Manufacturer Distributor/Wholesaler,Company - Rowad Herbs Land,Egypt,Hibiscus Flowers  Hibiscus Slices  Hibiscus TBC  Fennel  Thyme  Basil  Marjoram  Rosemary  Peppermint  Oregano chamomile flower Sage leaves  bay leaves caraway seeds dill tips parsley Marigold flowers Marigold Petals  Spearmint Leaves  Spearmint Crushed  Peppermint Leaves  Peppermint,2014,7,,
Food & Beverage,Manufacturer Distributor/Wholesaler,CHT SEAFOOD IMPORT EXPORT LIMITED LIABILITY COMPANY,Vietnam,Seafood and fruit,2019,50-100,,
Food & Beverage,Distributor/Wholesaler,Diamond Beverages Baltic Oü,Estonia,Energy drink,,,,
Food & Beverage,Trading Company Distributor/Wholesaler Buying Office,PT. Alfa Green Utamajaya,Indonesia,Fresh Coconut Banana Leaves Casava Leaves Potato Carrot Fresh Cabbage Chiness Cabbage Betel N,2023,100,USD 10.000,80%
Furniture,Manufacturer Trading Company,jiangyin minsun marine technology co.ltd,China,marine furniture,2015,38,3 million usd,30%
Furniture,Manufacturer Distributor/Wholesaler,Bassamat For Mattress ProductionAl Qawafel Ind. Agr. Co.,Jordan,Mattresses & Disposable Face Masks,2011,25,1000000,50%
Furniture,Manufacturer Distributor/Wholesaler,Xuzhou Xiuhong Furniture Co. Ltd.,China,家具,2018,50+,30 million,50%
Furniture,Trading Company Distributor/Wholesaler,MarketB,South Korea,Furniture,2006,100,56 million USD,10
Furniture,Manufacturer,Wexport,China,Wood Furniture Makeup Brushes Mirrors phones,2009,1,1million,80%
Furniture,Distributor/Wholesaler,Anhui Sunhouse Floor Technology Co.，Ltd,China,engineered wood flooring,,,,
Furniture,,Shouguang Easyard International co.ltd,China,funriture decoration materials,,,,
Furniture,Distributor/Wholesaler,PT Andalan Mitra Exporindo Trading Company,Indonesia,We have a wide range of products including fresh and dried elephant ginger fresh and dried red ginger finger turmeric and dried turmeric turmeric powder black pepper cloves crowbar/ malva nut gambier young coconut old coconut coconut copra  coconut charcoal Corn vanamei shrimp mangrov,2023,15,-,50%
Gifts & Crafts,Manufacturer,Yuhaibadge Gifts & Crafts Co. Ltd.,China,Challenge coins Lapel pins Belt Buckles Bottle Openers Cuff Links,2000,500+,,
Gifts & Crafts,Manufacturer,FOSHAN GOLD HOT INDUSTRIAL CO.LIMITED,China,Fashion Product Labels Badges and labels label pins,,,,
Gifts & Crafts,Manufacturer,Suzhou Magic Crafts Co. Ltd,China,Medals Keychain Lebel pin,,,,
Gifts & Crafts,,Shenzhen Qihui Hardware Crafts.Ltd,China,Metal Crafts,,,,
Gifts & Crafts,,Shandong New Wintree Art Material Co. Ltd,China,Art Supplies,,,,
Gifts & Crafts,Trading Company Distributor/Wholesaler,CyrusCrafts Inc.,Iran,Iranian Decorative Items,2018,30+,Below US$1 Million,95%
Gifts & Crafts,Manufacturer Distributor/Wholesaler,Sk handicrafts,India,Home Decor,1989,15,1350000,. 02
Gifts & Crafts,,REDENIM VENTURES,India,Denim Tote Bags Messenger Bags Oven Gloves Table Mats,,,,
Gifts & Crafts,Distributor/Wholesaler,Zhejiang Norman Gem Industry & Trade Co. Ltd,China,Crystal Giftware,2005,146,1000,70%
Gifts & Crafts,Manufacturer Distributor/Wholesaler,Big Alliance Co. Ltd,Vietnam,Wooden models wooden boat models wooden car wooden airplane woden puzzle box wooden key chain wooden plaque,2007,40,,100
Gifts & Crafts,Manufacturer,goldvalley,China,key chain,2008,40,3000000,90
Gifts & Crafts,,Shenzhen shishang boutique co. ltd,China,Hardware artware,,,,
Gifts & Crafts,Trading Company,Wenshengde Co.,China,USB lighter | electric bikes | camping chairs | rainin pipette tips | opentrons OT-2 pipette tips,2023,10,1 million USD,100%
Gifts & Crafts,,cangnan wanfu stickers co.ltd,China,playing cards nootbook stickers,,,,
Gifts & Crafts,,曹县聚兴木业有限公司,China,,,,,
Hardware,Trading Company,Pallets of Ukraine,Ukraine,Wooden pallets Euro pallets Wooden boxes Fuel briquettes RUF Pallet boards,2017,5,,
Hardware,Distributor/Wholesaler,Baoji Zhengfeng Titanium Metal Co.Ltd,China,Titanium Fastener,2013,30,,
Hardware,Manufacturer,ShijiazhuangCHENGDAWEARRESISTANTMATERIALS CO.LTD,China,Chrome Steel Ball,,,60000,
Hardware,Manufacturer Trading Company,Smit Technology co.ltd,China,Die casting components,2018,1-50,,
Health & Medical,,Flowing Rivers LLC,USA,Nitrile Gloves,,,,
Health & Medical,Distributor/Wholesaler,PNP Biotech,USA,natural extacts and pharmaceutical intermediates,2019,13,,
Health & Medical,Trading Company Distributor/Wholesaler,Tradelink Pharmacueticals Ltd,USA,Phentermine Keytruda Duromine,2000,100,1000000,
Health & Medical,,ECA Business Alliance,Canada,Supplements,,,,
Health & Medical,Manufacturer Trading Company Distributor/Wholesaler,James Optical Korea,South Korea,Eyewear and sunglasses,,,,
Health & Medical,Manufacturer Distributor/Wholesaler,Winbrand biotex Pvt Ltd,Pakistan,Nutraceutical and Dermatology products,2021,50,,
Health & Medical,Manufacturer Trading Company Distributor/Wholesaler,Anhua Jinhou Biotechnology Co. Ltd,China,Plant extracts,2016,20,200,90%
Health & Medical,Manufacturer,SHANDONG AGAMA INDUSTRIAL CO.LTD.,China,x-ray lead sheet x-ray lead glass lead barrier lead suits lead liner door lead wire.lead tube,2019,80,50millions dollars,36%
Health & Medical,Distributor/Wholesaler,Jaya Global Supply,Indonesia,medical laser,2018,,,
Health & Medical,Distributor/Wholesaler,Visi Medical Laser,Indonesia,Medical Laser,2018,2315,,
Health & Medical,,Ancool Technology Co. Ltd,China,lung function test device EECP,,,,
Health & Medical,Manufacturer Trading Company,Shijiazhuang Huanyisheng Technology Co. Ltd,China,Capsule Shell pharmaceutical raw materials tablet Tea Aluminum Packaging,,,,
Health & Medical,Manufacturer Distributor/Wholesaler,YA Surgical Co.,Pakistan,Main Products : Dressing Forceps Iris Scisssors Adson Forceps Manicure Items,2009,100-200,,
Health & Medical,Trading Company Distributor/Wholesaler,Tradecart Trading Inc,Canada,Health and Beauty,2021,10,500000,
Health & Medical,Manufacturer,Shenzhen Taigujing Medical Instruments Co.Ltd,China,Blood Pressure Monitor,2017,50-100,,
Health & Medical,Manufacturer Distributor/Wholesaler,Abbey Medical Supplies Limited,United Kingdom,Medical Supplies Walking Aids Ceiling Track Lifts wheelchairs Scooters hospital-bed lift-chair,2010,199,£800000,75
Health & Medical,,hebei lianfu biotechnology co.ltf,Hong Kong,,,,,
Health & Medical,Manufacturer,HA NOI CPC1 PHARMACEUTICAL JSC,Vietnam,Pharmaceutical product (Medicine Food supplement Medical Device Cosmetic),2009,1600,50000000 USD,5%
Home Appliances,Manufacturer Distributor/Wholesaler,Ningbo Iceberg Company,China,mini fridge，cooler box cosmetic fridge compressor fridge,10 years,300+,,
Home Appliances,Distributor/Wholesaler,GUANGZHOU JOYEE SANITARY WARE CO.，LTD.,China,outdoor spa hot tub swim spa pool,2002,185,,
Home Appliances,Manufacturer Trading Company,ANHUI TINO TECHNOLOGY CO.LTD,China,water vending machine pizza vending machine ice vending machine water dispenser water purifier,2018,20,,
Home Appliances,Manufacturer,Lazak leather co,Iran,Natural Sheep Goat and Hide fur,,,,
Home Appliances,,HENAN DAOBO TRADING CO.LTD.,China,ceramic tableware,,,,
Home Appliances,Manufacturer Distributor/Wholesaler,maoming city. maonan OBD electric appliance co.ltd,China,HOME APPLIANCE KITCHEN APPLIANCE ELECTRIC CERAMIC COOKTOP INFRARED COOKER,2014,50-100,,
Home Appliances,,Quanzhou younger rich trading co.ltd,Hong Kong,baby diaper adult diaper Sanitary Napkin wet wipe tissue papper,,,,
Home Appliances,,Bladesplanets,Pakistan,SWORDS AXES KNIVES,,,,
Home Appliances,Distributor/Wholesaler,Xinjiang Silk Road Hengtong International Trade Co. Ltd.,China,小家电,2017,50,6 million coins,
Home Appliances,,ABLinox (Guangdong) Precision Metal Technology Co. Ltd.,China,Kichen&bathroom Facuets,,,,
Home & Garden,Distributor/Wholesaler,Qingdao Odacom Trading Co. Ltd.,China,diatomite bath mat,2017,50+,5 million,80%
Home & Garden,Manufacturer,Finesun Worldwide Group,Taiwan,Water Filter Reverse Osmosis Water system water purifier small molecule water,1991,20,500 Milion NTD,80% - 90%
Home & Garden,Distributor/Wholesaler,PT. Mower Equip Indonesia,Indonesia,Mower,,,,
Home & Garden,,Guangzhou Constant Commodity Limited,China,vacuum flask,,,,
Home & Garden,Manufacturer,Shenzhen Merlin Living Collection Co. Ltd,China,Wrinky Vase Decal vase Candle Holder Iron Vase Metal Glazed Vase,2013,100,,
Home & Garden,,VDEX,Vietnam,wood powder,,,,
Home & Garden,,Fujian Dehua Shuang De Ceramic Co. Ltd.,China,Ceramic Vases pots etc.,,,,
Home & Garden,Manufacturer,PERFECT METALS,India,BRASS PRODUCTS,2012,50,,100
Home & Garden,Manufacturer,Bolian filtration solutions,China,vacuum filter fabric,2008,,,
Home & Garden,,Kelly Pet supplies,China,Pet accessories,,,,
Home & Garden,,Han Kuan Enterprise Co. Ltd.,Taiwan,,,,,
Home & Garden,Manufacturer Trading Company Distributor/Wholesaler,Ruik Home Goods Co.Ltd,China,clothes hangers,2017,66,,
Lights & Lighting,Trading Company Distributor/Wholesaler,Nirvana Organic Salt Works,Pakistan,salt lamps,2019,,,
Lights & Lighting,Manufacturer Distributor/Wholesaler Buying Office,Shenzhen Beatles Energy Co. Ltd,China,solar led street lamp manufacturer,2014,,,
Lights & Lighting,Manufacturer Distributor/Wholesaler,Zhongshan Chuangjia Lighting Technology Co. Ltd.,China,LED light,2015,83,500万,20
Lights & Lighting,Distributor/Wholesaler,Dongguan Navigation Lighting Technology CO LTD,China,LED light strip and LED neon strip,2019,20,,
Lights & Lighting,,Shenzhen Superfire Guangyu Trading Co.Ltd,China,,,,,
Luggage Bags & Cases,Manufacturer Trading Company Distributor/Wholesaler,MADA'HANDICRAFT,Madagascar,bags handbags hats basket home decoration pouch clutch purse satchel place-mate straw raffia sisal women's fashion accessories,2023,1 - 50 employees,,100% of our products are intended for export
Luggage Bags & Cases,Manufacturer Distributor/Wholesaler,Mankib Merchandise Pvt. Ltd.,India,Hemp bags,2022,20,,
Luggage Bags & Cases,Manufacturer,Guangzhou KALI Leather Co.ltd,China,backpack,2009,,,
Luggage Bags & Cases,Manufacturer Distributor/Wholesaler Buying Office,Leto New Materials Technology Co,China,eco-friendly backpacks bags Wallets Book Lights,2022,,,
Machinery,Manufacturer,Hefei Detong Technology and Trade Co.Ltd,China,forklift parts,2003,300,100 million,50%
Machinery,Manufacturer Trading Company,Tongling Daxun Electromechanical Equipment Co. Ltd.,China,机电设备,2013,50,10 Million,15%
Machinery,,Guangdong Juguangheng Automation Equipment Co. Ltd.,China,injection machine screw lube grease,,,,
Machinery,Manufacturer Trading Company Distributor/Wholesaler,Dalian CIMC Special Logistics Equipment Co. Ltd.,China,Container,2003,500,,
Machinery,,Shining Machinery,Hong Kong,Veneer plywood particle board oriented strand boardmaking machinery,,,,
Machinery,Manufacturer,Fujian Yigong Special Purpose Vehicle Manufacturing Co.  Ltd,China,Truck Trailers Semi-Trailers Containers etc.,2016,200+,,
Machinery,Manufacturer Distributor/Wholesaler,HUS,India,High-Quality of Industrial Hydraulics & Pneumatic Machine Parts,,10,5 Cr+,50%
Machinery,Manufacturer,Yantai Orient Heavy Industry Technology Co. Ltd,China,Drilling Rig Crawler Crane Undercarriage Parts,2022,11-55,,
Machinery,Manufacturer,STAR ENGINEERING CORPORATION,India,Machines,,,,
Machinery,,Magcon,Republic of Türkiye,conveyor oven tortillaoven Tortillas Machine tortilla set dough machines pancake machine,,,,60
Machinery,Manufacturer Distributor/Wholesaler,Shenzhen MY sheet metal Co. Ltd.,China,custom sheet metal parts fabrication / rapid prototyping / CNC machining and 3D printing,2010,,,
Machinery,Manufacturer,Weifang Kaide Plastics Machinery Co. Ltd,China,Extruder and pipe machinery,,105,,
Machinery,Manufacturer,Dingzhou Kelee Machinery Parts Co. Ltd,China,gear Pulley wheel shaft CNC turning parts Hardware,2017,50,$10000000,$3000000
Machinery,Manufacturer,LUOYANG IWH INDUCTION HEATING,China,induction heating equipment,2007,100,,
Machinery,,Indra Store,Indonesia,Printhead,,,,
Machinery,Trading Company Distributor/Wholesaler,Karya Abadi Store,Indonesia,NDT Inspection,2010,10,,
Machinery,,Thermal Tec AS,Norway,Pumps & Pump Parts,,,,
Machinery,Distributor/Wholesaler,HUOSHI Machinery Manufacturing Co. Ltd,China,Nuts Roasting Machine,34,,,
Machinery,Manufacturer,Guangdong Hangao Technology Co. Ltd.,China,Tube mill,2003,50-200,1 billion,
Machinery,,Shenzhen Xinguangprecision Machinery CoLtd.,China,CNC machining parts,,,,98%
Machinery,,Eastwhat Technology (Changzhou) Co. Ltd,China,Shredder Crusher Laser Welding Machine Special Protective Mask Intelligent Robot Disinfection Robot,2020,30~50,4000～6000,
Machinery,Trading Company Distributor/Wholesaler Buying Office,Hunan Shuanghui import and exptort corporation,China,zoomlion xcmg sany truck crane,,,,
Machinery,Manufacturer,Jiangsu Hangong Machine Tools Co.ltd.,China,Vertical Machining Center Gantry Machining Center Horizontal Machining Center CNC Engraving Milli,2015,100,,
Machinery,Manufacturer,Torsion Tools,Serbia,Equipment for the screw pile installation,2023,11-50,,
Machinery,,Shenzhen Anges Machinery Co. ltd,United Kingdom,chiller,,,,
Machinery,Buying Office,Dambuwo Trading Enterprise,South Africa,Earth-moving Machinery bulldozer excavator Tlb Front end loader Grader,2018,1,,
Machinery,Manufacturer,Nantong Zhongnan Intelligent Technology Co.Ltd.,China,CNC Machine Tools,2000,380,,
Machinery,Manufacturer Trading Company Distributor/Wholesaler Buying Office,Shandong Weimeng Engineering Machinery Co.Ltd,China,backhoe loader,1956,888,300000000usd,200000000usd
Machinery,,Foshan Pengqi Environmental Protection Technology Co. Ltd.,China,AGV truck、mechanical/robot arm、charging pile、electronic scale、Electric Patrol Car、HVAC/Air,,,,
Machinery,Manufacturer Distributor/Wholesaler,RITMAN EQUIPMENT,China,Máquina cortadora de fibra láser,2017,258,250000000,30%
Machinery,Manufacturer,Hanzhong Daqin Machinery Co. Ltd.,China,Ropeway Company Pulsating Aerial Ropeway Fixed Box Cableway Supplier,,,,
Machinery,Manufacturer Distributor/Wholesaler,Hengke Machinery Equipment Co.Ltd,China,Air Compressor,2012,60,,80%
Machinery,,Taizhou Newsland Machinery Equipment Co.Ltd,China,cnc wire cut edm machine  EDM machine  EDM die sinking machine  VMC  Lathe Grinding,,,,
Machinery,Manufacturer Trading Company Distributor/Wholesaler,Technocrat Mouldings,India,Sole making machine,1992,50-100,5 CR,30
Machinery,Distributor/Wholesaler,Foshan Pengyi Automation Equipment Co. Ltd.,China,AGV truck(AGV搬运车)、mechanical/robot arm(机械臂)、charging pile(充电桩)、electronic sc,2021,,,
Machinery,,Sichuan Zhuoyue Water Treatment Equipment Co.Ltd.,South Korea,Laboratory ultrapure water machine,,,,
Machinery,Manufacturer,Qingdao Yaxin Plastic Machinery Co. Ltd.,China,Plastic Pipe Machine/Plastic Sheet Board Machine/Plastic Profile Machine,2012,50,10000000,50%
Machinery,,Taixing Aerospace Machinery Technology Co. Ltd,China,Egg breaking machine  egg breaking and separating machine  egg breaker machine  egg white separator,,,,
Machinery,,Company - Vincent HU,China,,,,,
Measurement & Analysis Instruments,,Leadins Technology Co. Ltd,China,liquid level meter,2021,,,
Measurement & Analysis Instruments,Distributor/Wholesaler,Line Surveying Equipment,Singapore,TERRESTRIAL LASER SCANNERS GROUND PENETRATING RADAR TOTAL STATIONS HANDLED 3D SCANNER GPS SURVEY SOLUTIONS DIGITAL MEASURING SURVEYING EQUIPMENTS DRONE LASER TRACKER ANALYZERS LASER SCANNING MODULE,2010,28,,
Measurement & Analysis Instruments,,Falcon MFG Co .Ltd,China,brass cnc,,,,
Measurement & Analysis Instruments,Distributor/Wholesaler,Supmea Automation,China,Magnetic flowmeter Vortex flowmeter Turbine flowmeter Ultrasonic flowmeter pH meter Conductivity meter DO meter Turbidity meter Ultrasonic level meter Radar level meter Pressure transmitter,20+years,500+,US$10Million - US$20 Million,51%-70%
Measurement & Analysis Instruments,Manufacturer Distributor/Wholesaler,Liaoning Tuotai Intelligent Technology Co. Ltd,China,Automatic intelligent coal coke petrographic analysis system,2019,100+,,
Mechanical Parts & Fabrication Services,Manufacturer Distributor/Wholesaler,Shijiazhuang Neuland Metals Technology Ltd,China,tailor-made metal parts according to customers' drawing,,,,
Mechanical Parts & Fabrication Services,,Yinchuan KESTER Electronic Technology Co.LTD,China,Electro-hydraulic products,,,,
Mechanical Parts & Fabrication Services,,Pro Sewing Machine,Indonesia,Sewing Machine,,,,
Mechanical Parts & Fabrication Services,Manufacturer,Dolph Microwave Co. Ltd.,China,microwave components supplier,2001,,,
Mechanical Parts & Fabrication Services,Manufacturer,Xingtai Subote Oil Seal Manufacturing Co. Ltd.,China,TC EC Oil Seal Manufacturer,,,,
Mechanical Parts & Fabrication Services,Manufacturer,Yantai Orient Heavy Industry Technology Co.Ltd,China,Undercarriage parts,2022,5-10,1000000,80%
Mechanical Parts & Fabrication Services,,Hejian Jinghong Fastener Co. Ltd.,China,喉箍,,,,
Mechanical Parts & Fabrication Services,Manufacturer Trading Company Distributor/Wholesaler,Amir Industrial Equipments,United Arab Emirates,Oil & Gas Burners Powder Coating Machines Oil Pump Chemical Pump Air Diaphragm Pump Coolant Pump Air Compressors & Dryers Air Blowers Chemical Blowers etc.,2008,10,,
Mechanical Parts & Fabrication Services,,Zhengzhou Qiaorun Group,South Korea,stellite ball  stellite seat  stellite rod stellite bushing stellite shaft stelite sheet,,,,
Mechanical Parts & Fabrication Services,,LEVENA GLOBAL LTD.,Taiwan,,,,,
Mechanical Parts & Fabrication Services,,LECMAGENT,USA,Neodymium magnets  Ferrite magents  Smco magnets Alnico magnets  Fishing Magents Magnet pick up tools BUCK BALLS  Magnetic toys  Rubber Coated magnets Bonded Magnets  shuttering or lifting magnets,,,,
Mechanical Parts & Fabrication Services,Manufacturer,Lontion industrial ceramics (Dongguan)Co.Ltd,China,industrial ceramics,15,300,One billion RMB,50%
Mechanical Parts & Fabrication Services,Manufacturer,JING RAN,China,Electromechanical equipment and Burner machinery,2012,500,,
Mechanical Parts & Fabrication Services,,Guangdong Yingpeng environmental equipment Co. LTD,China,,,,,
Mechanical Parts & Fabrication Services,Manufacturer,CHNSEAL HUANGSHAN CO. LTD.,China,container seal plasitc seal,2008,260,,
Mechanical Parts & Fabrication Services,Distributor/Wholesaler,Sigma Technik Limited,China,cnc machining,2010,,,
Mechanical Parts & Fabrication Services,,Henan Zeyu Trading Co. Ltd.,China,,,,,
Minerals & Metallurgy,Manufacturer,Wuxi Dachongming Technology Co. Ltd.,China,Stainless Steel Pipes,2003,30,$100 Million,90%
Minerals & Metallurgy,,Malhar Wires Pvt Ltd,India,,,,,
Minerals & Metallurgy,Trading Company Distributor/Wholesaler,Raya Mahakam Jaya,Indonesia,Coal,2020,,,
Minerals & Metallurgy,,JY MINERALS,Zambia,Copper cathodes/gold,,,,
Minerals & Metallurgy,Distributor/Wholesaler,XINYUAN IMPORT EXPORT LIMITED,China,Silicon Carbide Ferro Silicon,2007,50,5000000,
Minerals & Metallurgy,Trading Company,ZODIAC METAL COMPANY LIMITED,Tanzania,Gold Nuggets,2019,10,30000000,50
Minerals & Metallurgy,,Hollyrocksbyholly,Andorra,Diamond Quartz,,,,
Minerals & Metallurgy,,ticaret,Republic of Türkiye,scrap tyre wire,2019,20,,
Minerals & Metallurgy,,Export deal,India,Copper Cathode Aluminium ingot Used rail,,,,
Minerals & Metallurgy,,small miner gemstones,Namibia,gemstones,,,,
Minerals & Metallurgy,,Enj,Iran,,,,,
Minerals & Metallurgy,,Vel Minerals,India,Feldspar Quartz iron ore,,,,
Minerals & Metallurgy,Distributor/Wholesaler,Karya Analyzer Indo,Indonesia,Analyzer XRF,2018,,,
Minerals & Metallurgy,,Investments santa maria spa,Chile,,,,,
Minerals & Metallurgy,Trading Company Distributor/Wholesaler,Wambugu Kamotho Commodity,Kenya,Copper Lithium Manganese,2014,5,,
Minerals & Metallurgy,Manufacturer Distributor/Wholesaler,Minerals Line,Pakistan,Talc ore and Talc powder,2011,30 to 50,,
Minerals & Metallurgy,,Xuanze Industrial Drive System (Shanghai) Co. Ltd,China,Coil wrapper belt,,,,
Minerals & Metallurgy,Manufacturer,Liaoning Mingshi Refractory Material Co.Ltd,China,Refractory Material Suppliers Magnesia Refractory Factory,,,,
Minerals & Metallurgy,,Skydon Capital Pty Ltd,South Africa,Coal - Rb1 Rb2 Anthracite Iron Ore Manganese and Chrome Concentrate,,,,
Minerals & Metallurgy,,Topfly Material Co. LTD,China,graphite electrode,,,,
Minerals & Metallurgy,,kasanga metals,Democratic Republic of the Congo,Copper cathodes Coltan Cobalt and Raw gold.,1983,,500,95%
Office & School Supplies,Manufacturer,Huizhou Wanxi Technology Co.Ltd.,China,Self Inking Stamp,2020,220,,70%
Office & School Supplies,Manufacturer,Shanghai Wangji Co. Ltd,China,vacuum-sealed stainless steel bottle,1999,200+,,
Office & School Supplies,Distributor/Wholesaler,Sirich Enterprise Sdn Bhd,Malaysia,Crayons Modelling Clay,1997,10,,
Office & School Supplies,Manufacturer,IERS MARKER,China,Art Markers ALCOHOL MARKER PIGMENT MARKER FINE LINER ACRYLIC MARKER,2002,200,10000000 USD,50%
Packaging & Printing,Trading Company,SATIN PACKAGING LIMITED,China,Cosmetics Packaging，Cannabis Packaging ，Food Packaging,2019,30,3 million USD,100%
Packaging & Printing,Distributor/Wholesaler,Dongzheng Paper Bag (Dalian) Co. Ltd.,China,Paper Bags,2006,150,50000000,70
Packaging & Printing,Manufacturer,Guangzhou Crystal Sense Packaging Co. Ltd.,China,glass cosmetic bottle and jar packaging,2013,15,,
Packaging & Printing,Distributor/Wholesaler,Dongzheng Paperbag(Dalian) Factory,China,shopping paper bags,2006,150,$ 50000000,70%
Packaging & Printing,Manufacturer,Jinya intelligent Technology shanghai Limited,China,wash off labels,,,,
Packaging & Printing,,BESTONE TRADING INC,USA,stretch film HAND WRAP,,,,
Packaging & Printing,,Madhav Printers And Packers,India,,,,,
Packaging & Printing,,Shenzhen Fengji Technology Co. Ltd,China,Protective Packaging， Speaker,,,,
Packaging & Printing,Manufacturer Distributor/Wholesaler,Ample Cosmetic Packaging,China,Cosmetic Packaging,2002,50-100,,
Packaging & Printing,Manufacturer,Shandong Huisheng Packaging Co. Ltd,China,glass bottle spirit bottle liquor bottle vodka bottle whiskey bottle,,,,
Packaging & Printing,,hrenary packaging,China,paper bag paper box gift box,,,,
Packaging & Printing,Manufacturer,Suzhou Cedreck Film Co. Ltd.,China,bopp thermal lamination film pet thermal lamiantion film,2014,120,1.5 million,50%
Packaging & Printing,,Huzhou Beststrap Package Sci&Tech.Co.Ltd,China,composite strap,,,,
Packaging & Printing,Trading Company Distributor/Wholesaler,Dragon Star Trading Limited,Hong Kong,We source all grades of tissue papers printing papers art paper coated and uncoated wood free bleached and unbleached thermal paper kraft liner high end packing boards.,,20,1000000,
Rubber & Plastics,Manufacturer Trading Company,Jie Ran Commercial Firm,China,机械设备,July 28 2,5,999 Million RMB,70%
Rubber & Plastics,Manufacturer,Qingdao Gon plastics Co. Ltd,China,GPPS,2000,2000,2744060000,50%
Rubber & Plastics,,jamil trader,Pakistan,PET FLAKES HOT WASH CLEAR FOR SALE,,,,
Rubber & Plastics,,Hi - Tech Products,India,Antivibration Rubber Pad,,,,
Rubber & Plastics,Manufacturer,GCC Minerals Group,Vietnam,CACO3 FILLER MASTERBATCH,2019,50-100,,80%
Rubber & Plastics,Manufacturer,Portexsa Ic ve Dis Ticaret Ltd,Republic of Türkiye,soft pvc,,,,
Rubber & Plastics,,scrap king llc,USA,LDPE SCRAP HDPE SCRAP BOPP SCRAP BET BOTTLE SCRAP,,,,
Rubber & Plastics,Manufacturer Distributor/Wholesaler Buying Office,Kunming Conveyor Belt.Co.Let,China,PVC conveyor belt PU conveyor belt Rubber conveyor belt,2007,113,USD19500000,66%
Rubber & Plastics,,IRB EXPORT AND IMPORT JSC,Vietnam,RSS3 SVR10 SVR3L,,,,
Rubber & Plastics,,DTrade,Germany,foam scraps felt glue for rebound,,,,
Rubber & Plastics,Manufacturer,HanKing Mould Engineering Ltd.,China,Plastic injection mold making injection molding services,2011,60,4500000,90%
Security & Protection,Manufacturer Trading Company,XJL Furniture Factory,China,Furniture,2019,10,1.5m,90%
Security & Protection,Manufacturer Trading Company Distributor/Wholesaler,A.A.SURTI TOPIWALA,India,Raincoats gloves masks-N95 3ply gas mask  safety helmets Safety Shoes safety gumboots etc,,,,
Security & Protection,,Beijing FNFOG Technology Co. Ltd.,China,Security fog,,,,
Security & Protection,Distributor/Wholesaler,1st-in-Padlocks,USA,Security lock distributors,1984,,,
Security & Protection,Trading Company Distributor/Wholesaler Buying Office,Worldwide Technologies,India,Drone Jammer Non Linear Junction Detector NJLD Bomb Detector Bulletproof Glass Film Bug Detecto,2016,10,,
Service Equipment,,Shanghai ClearTV Corp. Ltd.,China,nurse call system IPTV,,,,
Service Equipment,Distributor/Wholesaler,Camp Industrial Co. Ltd.,China,food trailers,2003,100+,,
Sports & Entertainment,Trading Company Distributor/Wholesaler,Hockey Sport Pte.Ltd,Singapore,Ice Hockey,2017,1-5,1-5,50%-60%
Sports & Entertainment,Distributor/Wholesaler,Best Cycle Indonesia,Indonesia,Bikes,,,,
Sports & Entertainment,Distributor/Wholesaler,HONGKONG ADGOGO TECHNOLOGY LIMITED,Hong Kong,smart music boxing machine,2021,30,,
Sports & Entertainment,,Shop Fishingtackles,Indonesia,Fishing,,,,
Sports & Entertainment,Manufacturer Trading Company,AMODINO CHINA,China,Dinosaur Companies Animatronic Dinosaur for Sale,,,,
Sports & Entertainment,,Hebei SenGu Import&Export Trading Co.Ltd,USA,Artificial Grass Landscape and Sports Turf Artificial Green Wall Hedge,,,,
Sports & Entertainment,Distributor/Wholesaler,Sporting Toys Hobbies,Indonesia,fishing reel fishfinders watersports,2020,10,,100
Sports & Entertainment,,barbellchina,China,fitness products,,,,
Sports & Entertainment,Manufacturer Distributor/Wholesaler,XIAMEN TOP ONE TECHNOLOGY CO. LTD.,China,Mobility Scooter Citycoco Electric Scooter UTV ATV,2013,50,$10 million,100
Telecommunications,Trading Company Distributor/Wholesaler Buying Office,Eteily Technologies India Pvt Ltd,India,RF Antenna Cellular Antenna 5G Antenna IoT LoRa LPWAN GPS-GNSS ANTENNA RF Connectors Cable Assembly RF Cable Connectors Battery Battery Case Holder Electric Vehicle Charger Electric Vehicle Battery BMS PCB Components Modules,2017,50-100,,
Telecommunications,,AOA Technology,India,different type of Industrial ethernet switches,,,,
Telecommunications,Manufacturer Trading Company Distributor/Wholesaler,Guangxi Oplink Co. Ltd,China,Fiber Optical switch,,,,
Textiles & Leather Products,Manufacturer Trading Company,Shandong Yizhi Trading Co. Ltd.,China,Polyester webbing,2016,80+,20 million,40%
Textiles & Leather Products,Manufacturer Distributor/Wholesaler,Jamilta Tex,Pakistan,Terry Towel Products,2023,10,$30M,50%
Textiles & Leather Products,Manufacturer Distributor/Wholesaler,Orbitol Trading,Bangladesh,Jute Bags,2021,15,,
Textiles & Leather Products,Trading Company,Ellebi Manifactures,Italy,Yarn textile fibers,1994,,,90%
Textiles & Leather Products,,China Zhejiang Yiwu Fujian Daily Necessities Co. Ltd.,China,笔袋、化妆包、围裙、围兜、帽子、眼罩,,,,
Textiles & Leather Products,Trading Company Distributor/Wholesaler,Saraamad Tejaarat Vaala,Iran,Leather Rugs Scorpion Venom,2018,11,3000000,89
Textiles & Leather Products,,DE CARPETS,India,Jute Gunny Bags,,,,
Textiles & Leather Products,,hangzhou beiai trade co;ltd,China,knitting fabric textile digital print paper,,,,
Textiles & Leather Products,,Donghai County Ruqing Jewelry Firm,China,,,,,
Textiles & Leather Products,,Shenzhen Kingsun Textile Co. Ltd,China,beach towel Blanket Cushion,,,,
Textiles & Leather Products,Manufacturer,Shaoxing Varo Textile Co. Ltd,China,Polar Fleece,2001,20,US $50 Million,100%
Textiles & Leather Products,Trading Company,PT. Faithful Trade International,Indonesia,Bath towel towels hand towel Bath Mats hotel towel.,2023,2,,
Textiles & Leather Products,Manufacturer,SY Etiket,Republic of Türkiye,woven labels printed labels faux leather labels jacron labels mattress labels cork labels wood,,,,
Timepieces Jewelry Eyewear,Manufacturer Distributor/Wholesaler,Minimalist,Russia,925 Sterling Silver Jewelry,2020,10+,,
Timepieces Jewelry Eyewear,,Shifanas Gem And Jewellery,Sri Lanka,Silver Jewelry,,,,
Tools,,KUPA TOOLS DIŞ TİCARET A.Ş.,Republic of Türkiye,PADLOCK LONG SHACKLE MOTORCYCLE LOCK DRAWER LOCK DOOR CLOSER HYDRAULIC MEASURING TAPE Aluminum,,,,
Tools,,Powertoolequip Indonesia,Indonesia,,,,,
Tools,,Mincon tools,USA,Mining and construction tools,,,,
Tools,Manufacturer Distributor/Wholesaler Buying Office,Anhui Huanmei brush Co.Ltd,China,Street Sweeping brushes gutter broom side brush main broom wafer ring brush strip brush Industrial Sweeping Vegetable Brushes Push Brooms Custom Brushes etc,1995,200-500,,
Toys & Hobbies,,Salwa Marketing,India,Toys Furniture Home Appliances,,,,
Transportation,,ALBION AUTOS BFD LTD - BFD LTD,United Arab Emirates,Cars,,,,
Transportation,Manufacturer,Senada bikes,USA,electric bike electric mountain bike electric scooter,2020,50-100,Below US$1 Million,100%
Transportation,Trading Company,ISLAND MARINE,Indonesia,Outboard Engines,2016,1-5,,50%
Transportation,Manufacturer Trading Company,Buzzyday Enterprises,India,Bicycle,2019,4,,

